[
  {
    "model": "agem",
    "setting": "class-il",
    "result": 19.94,
    "notes": "reproduced not from main paper but from DER++. The main paper requires task descriptors",
    "cmd": "--dataset=seq-cifar10 --model=agem --buffer_size=500 --lr=0.03"
  },
  {
    "model": "agem-r",
    "setting": "class-il",
    "result": 28.13,
    "as_main_paper": false,
    "notes": "reproduced not from main paper but from DER++. The main paper requires task descriptors",
    "cmd": "--dataset=mnist-360 --model=agem_r --buffer_size=500 --lr=0.1 --minibatch_size 128 --batch_size 16"
  },
  {
    "model": "attriclip",
    "setting": "class-il",
    "result": 81.4,
    "notes": "The original repo was taken down as it did not reproduce either. Our result is 78.88 instead of 81.4",
    "cmd": "--model=attriclip --dataset=seq-cifar100-224 --model_config=best"
  },
  {
    "model": "bic",
    "setting": "class-il",
    "result": 56.69,
    "cmd": "--model=bic --dataset=seq-cifar100 --model_config=best --buffer_size=2000"
  },
  {
    "model": "ccic",
    "setting": "class-il",
    "result": 63.9,
    "cmd": "--dataset=seq-cifar10 --optimizer=adam --model=ccic --lr=0.0001 --mixmatch_alpha=0.75 --memory_penalty=0.7 --label_perc=0.25 --buffer_size=500 --knn_k=2"
  },
  {
    "model": "cgil",
    "setting": "class-il",
    "result": 96.17,
    "cmd": "--dataset=seq-eurosat-rgb --model=cgil --clip_backbone=ViT-L/14 --lr=0.01 --g_models=vae --optim_alignment=adamw --learning_rate_alignment=0.03 --eval_future=1 --seed=1992 --combo_context=1 --gr_vae_n_iters=500 --num_epochs_alignment=150"
  },
  {
    "model": "clip",
    "setting": "class-il",
    "result": 59.9,
    "cmd": "--dataset=seq-eurosat-rgb --model=clip --clip_backbone=ViT-L/14"
  },
  {
    "model": "coda_prompt",
    "setting": "class-il",
    "result": 86.25,
    "cmd": "--dataset=seq-cifar100-224 --model=coda_prompt --model_config best"
  },
  {
    "model": "dap",
    "setting": "class-il",
    "result": 97.88,
    "cmd": "--model dap --dataset seq-cropdisease --model_config best"
  },
  {
    "model": "der",
    "setting": "class-il",
    "result": 36.60,
    "cmd": "--dataset=seq-cifar100 --model=der --buffer_size=500 --model_config=best"
  },
  {
    "model": "derpp_lider",
    "setting": "class-il",
    "result": 39.25,
    "cmd": "--dataset=seq-cifar100 --model_config=best --model=derpp_lider --buffer_size=500"
  },
  {
    "model": "derpp",
    "setting": "class-il",
    "result": 38.25,
    "cmd": "--dataset=seq-cifar100 --model=derpp --buffer_size=500 --model_config=best"
  },
  {
    "model": "dualprompt",
    "setting": "class-il",
    "result": 86.51,
    "cmd": "--dataset=seq-cifar100-224 --model=dualprompt --model_config=best"
  },
  {
    "model": "er_ace_lider",
    "setting": "class-il",
    "result": 38.43,
    "cmd": "--dataset=seq-cifar100 --model=er_ace_lider --model_config=best --buffer_size=500"
  },
  {
    "model": "er_ace",
    "setting": "class-il",
    "result": 42.6,
    "cmd": "--dataset=seq-cifar10 --model=er_ace --buffer_size=200 --model_config=best"
  },
  {
    "model": "er",
    "setting": "class-il",
    "result": 63.39,
    "cmd": "--dataset=seq-cifar10 --model=er --buffer_size=z500 --lr=0.1"
  },
  {
    "model": "ewc_on",
    "setting": "class-il",
    "result": 20.11,
    "cmd": "--dataset=seq-cifar10 --model=ewc_on --n_epochs=50 --lr=0.1 --e_lambda=10 --gamma=1"
  },
  {
    "model": "fdr",
    "setting": "class-il",
    "result": 30.33,
    "cmd": "--dataset=seq-cifar10 --model=fdr --buffer_size=500 --lr=0.03 --alpha=1.0"
  },
  {
    "model": "first_stage_starprompt",
    "setting": "class-il",
    "result": 90.12,
    "cmd": "--dataset=seq-eurosat-rgb --model=first_stage_starprompt --model_config=best"
  },
  {
    "model": "gdumb_lider",
    "setting": "class-il",
    "result": 10.22,
    "cmd": "--optim_wd=1e-6 --dataset=seq-cifar100 --model=gdumb_lider --buffer_size=500 --model_config=best"
  },
  {
    "model": "gdumb",
    "setting": "class-il",
    "result": 45.8,
    "cmd": "--dataset=seq-cifar10 --model=gdumb --buffer_size=500 --model_config=best"
  },
  {
    "model": "gem",
    "setting": "class-il",
    "result": 26.2,
    "cmd": "--model=gem --lr=0.03 --buffer_size=500 --dataset=seq-cifar10"
  },
  {
    "model": "gss",
    "setting": "class-il",
    "result": 33.56,
    "cmd": "--dataset=seq-cifar10 --n_epochs=1 --model=gss --buffer_size=500 --lr=0.05 --gss_minibatch_size=10 --batch_size=10"
  },
  {
    "model": "hal",
    "setting": "class-il",
    "result": 47.34,
    "cmd": "--dataset=seq-cifar100 --model=hal --buffer_size=500 --lr=0.03 --hal_lambda=0.1 --beta=0.3 --gamma=0.1"
  },
  {
    "model": "icarl_lider",
    "setting": "class-il",
    "result": 47.02,
    "cmd": "--model icarl_lider --dataset seq-cifar100 --model_config best --buffer_size 500"
  },
  {
    "model": "icarl",
    "setting": "class-il",
    "result": 49.66,
    "cmd": "--dataset=seq-cifar100 --model=icarl --buffer_size=2000 --model_config=best",
    "notes": "Compared against the original repo `https://github.com/srebuffi/iCaRL` while disabling random class order (for easier debugging)"
  },
  {
    "model": "joint_gcl",
    "setting": "general-continual",
    "result": 82.98,
    "cmd": "--model=joint_gcl --dataset=mnist-360 --lr=0.1 --batch_size=4"
  },
  {
    "model": "l2p",
    "setting": "class-il",
    "result": 83.83,
    "cmd": "--dataset=seq-cifar100-224 --model=l2p --model_config=best"
  },
  {
    "model": "lucir",
    "setting": "class-il",
    "result": 50.0,
    "cmd": "--model=lucir --dataset=seq-cifar100 --batch_size=128 --lr=0.1 --lr_scheduler=multisteplr --lr_milestones 80 120 --sched_multistep_lr_gamma=0.1 --n_epochs=160 --buffer_size=2000"
  },
  {
    "model": "lwf_mc",
    "setting": "class-il",
    "result": 16.22,
    "cmd": "--model=lwf_mc --dataset=seq-cifar100 --lr=0.03 --optim_wd=5e-4"
  },
  {
    "model": "lwf",
    "setting": "class-il",
    "result": 19.61,
    "cmd": "--model=lwf --lr=0.03 --dataset=seq-cifar10"
  },
  {
    "model": "mer",
    "setting": "domain-il",
    "result": 73.74,
    "cmd": "--dataset=rot-mnist --model=mer --lr=0.1 --beta=0.01 --gamma=0.03 --buffer_size=200 --minibatch_size 25 --n_epochs 1"
  },
  {
    "model": "moe_adapters",
    "setting": "class-il",
    "result": 77.52,
    "cmd": "--dataset=seq-cifar100-224 --model=moe_adapters"
  },
  {
    "model": "pnn",
    "setting": "task-il",
    "result": 95.13,
    "cmd": "--model=pnn --lr=0.03 --dataset=seq-cifar10"
  },
  {
    "model": "rpc",
    "setting": "class-il",
    "result": 31.8,
    "cmd": "--model=rpc --dataset=seq-cifar10 --lr=0.0001 --buffer_size=100 --optimizer=adam --batch_size=128 --n_epochs=5"
  },
  {
    "model": "second_stage_starprompt",
    "setting": "class-il",
    "result": 93.91,
    "cmd": "--permute_classes=1 --num_monte_carlo_gr=2 --model=second_stage_starprompt --optimizer=adam --dataset=seq-eurosat-rgb --lr=0.001 --lambda_ortho=5.0 --learning_rate_gr=0.1 --seed=1993 --batch_size=32 --virtual_bs_n=1 --keys_ckpt_path=coop_keys/mammoth_test_keys.pt --enable_data_aug_query=1"
  },
  {
    "model": "si",
    "setting": "domain-il",
    "result": 97.5,
    "cmd": "--model=si --dataset=perm-mnist --lr=0.001 --c=0.1 --xi=0.1 --mlp_hidden_size=2000 --optimizer=adam --batch_size=256 --n_epochs=20 --dataset_config 10tasks"
  },
  {
    "model": "slca",
    "setting": "class-il",
    "result": 91.53,
    "cmd": "--model=slca --lr=0.01 --dataset=seq-cifar100-224 --dataset_config=slca"
  },
  {
    "model": "starprompt",
    "setting": "class-il",
    "result": 94.02,
    "cmd": "--dataset=seq-cropdisease --model=starprompt --model_config=best"
  },
  {
    "model": "twf",
    "setting": "class-il",
    "result": 83.65,
    "cmd": "--dataset=seq-cifar10 --model=twf --buffer_size=500 --model_config=best"
  },
  {
    "model": "xder",
    "setting": "class-il",
    "result": 49.93,
    "cmd": "--model xder --dataset seq-cifar100 --buffer_size 500 --model_config=best"
  },
  {
    "model": "xder_ce",
    "setting": "class-il",
    "result": 47.67,
    "cmd": "--model=xder_ce --dataset=seq-cifar100 --buffer_size=500 --model_config=best"
  },
  {
    "model": "xder_rpc",
    "setting": "class-il",
    "result": 48.53,
    "cmd": "--model=xder_rpc --dataset=seq-cifar100 --buffer_size=500 --dataset_config=best"
  },
  {
    "model": "er_ace_aer_abs",
    "setting": "class-il",
    "result": 40.3,
    "cmd": "--model=er_ace_aer_abs --dataset=seq-cifar100 --buffer_size=2000 --model_config=best --noise_type=symmetric --noise_rate=0.4"
  },
  {
    "model": "er_tricks",
    "setting": "class-il",
    "result": 62.60,
    "cmd": "--dataset=seq-cifar10 --model=er_tricks --buffer_size=500 --model_config=best"
  },
  {
    "model": "puridiver",
    "setting": "class-il",
    "result": 60.9,
    "cmd": "--noise_rate=0.4 --noise_type=symmetric --enable_cutmix=1 --lr=0.05 --buffer_size=1000 --model=puridiver --dataset=seq-cifar10 --buffer_fitting_epochs 255 --n_epochs 1 --batch_size 16"
  },
  {
    "model": "lws",
    "setting": "class-il",
    "notes": "Results are worst-best accuracy on B-CelebA1",
    "result": [
      58.84,
      71.43
    ],
    "cmd": "--model lws --dataset seq-celeba --buffer_size 1024 --model_config best"
  },
  {
    "model": "spr",
    "setting": "class-il",
    "result": 85.4,
    "notes": "20% noise symmetric, on a 1080ti takes around 3 days and a half of training",
    "cmd": "--model=spr --dataset=seq-mnist --buffer_size=300 --model_config=best"
  },
  {
    "model": "cnll",
    "setting": "class-il",
    "result": 68.7,
    "notes": "20% noise symmetric with unlimited buffer",
    "cmd": "--model cnll --dataset seq-cifar10 --buffer_size 500 --model_config best"
  },
  {
    "model": "second_order",
    "setting": "class-il",
    "result": 90.12,
    "notes": "ITA",
    "cmd": "--model=second_order --dataset=seq-cifar100-224 --model_config=best"
  },
  {
    "model": "second_order",
    "setting": "class-il",
    "result": 89.73,
    "notes": "IEL",
    "cmd": "--batch_size=8 --virtual_bs_n=16 --tuning_style=lora --use_iel=1 --model=second_order --dataset=seq-cifar100-224 --beta_iel=20 --lr=0.0003 --num_epochs_pretuning=3 --learning_rate_pretuning=0.01 --req_weight_cls=0.1 --simple_reg_weight_cls=0.001 --dataset_config=second_order_ta"
  },
  {
    "model": "derpp_star",
    "setting": "class-il",
    "result": 61.76,
    "notes": "",
    "cmd": "--buffer_size=100 --dataset=seq-cifar10 --model=derpp_star --model_config=best"
  },
  {
    "model": "er_ace_star",
    "setting": "class-il",
    "result": 60.69,
    "notes": "",
    "cmd": "--buffer_size=100 --dataset=seq-cifar10 --model=er_ace_star --model_config=best"
  },
  {
    "model": "er_star",
    "setting": "class-il",
    "result": 51.5,
    "notes": "",
    "cmd": "--buffer_size=100 --dataset=seq-cifar10 --model=er_star --model_config=best"
  },
  {
    "model": "xder_rpc_star",
    "setting": "class-il",
    "result": 58.85,
    "notes": "",
    "cmd": "--buffer_size 100 --dataset=seq-cifar10 --model=xder_rpc_star --model_config=best"
  }
]